<?xml version="1.0" encoding="UTF-8"?>
<!--
  When updating your version of GWT, you should also update this DTD reference,
  so that your app can take advantage of the latest GWT module capabilities.
-->
<!DOCTYPE module PUBLIC "-//Google Inc.//DTD Google Web Toolkit 2.9.0//EN" "http://gwtproject.org/doctype/2.9.0/gwt-module.dtd">

<module rename-to='ya_kraina'>
  <!-- Inherit the core Web Toolkit stuff.                        -->
  <inherits name='com.google.gwt.user.User'/>
  <inherits name="com.google.gwt.resources.Resources" />

<!--     <inherits name='com.google.gwt.user.theme.clean.Clean'/> -->
<!--   <inherits name='com.google.gwt.user.theme.standard.Standard'/> -->
<!--   <inherits name='com.google.gwt.user.theme.chrome.Chrome'/> -->
<!--   <inherits name='com.google.gwt.user.theme.dark.Dark'/>     -->

  <!-- Other module inherits                                      -->
  <inherits name='com.denormans.facebookgwt.api.FacebookGWTAPI'/>

  <!-- Specify the app entry point class.                         -->
  <entry-point class='com.karp.yakraina.client.Ya_kraina'/>

  <!-- Specify the paths for translatable code                    -->
  <source path='client'/>

  <!-- allow Super Dev Mode -->
  <add-linker name="xsiframe"/>
</module>
